Product_ID;Product_Name;Category;Cost;List_Price
P0001;Product 0001;Electronics;992.42;1193.82
P0002;Product 0002;Accessories;1075.91;2426.37
P0003;Product 0003;Sports;172.6;351.58
P0004;Product 0004;Beauty;667.07;911.49
P0005;Product 0005;Beauty;134.75;170.41
P0006;Product 0006;Office;808.33;1115.02
P0007;Product 0007;Electronics;341.07;810.05
P0008;Product 0008;Accessories;793.01;1366.52
P0009;Product 0009;Home;873.76;1861.2
P0010;Product 0010;Electronics;923.53;1796.74
P0011;Product 0011;Sports;133.75;249.51
P0012;Product 0012;Office;1099.63;1464.06
P0013;Product 0013;Accessories;280.11;653.37
P0014;Product 0014;Accessories;49.71;75.89
P0015;Product 0015;Accessories;668.05;1250.94
P0016;Product 0016;Accessories;448.25;907.58
P0017;Product 0017;Sports;996.6;1954.87
P0018;Product 0018;Electronics;970.86;2257.97
P0019;Product 0019;Office;383.98;512.82
P0020;Product 0020;Beauty;1143.71;2042.03
P0021;Product 0021;Sports;352.65;583.65
P0022;Product 0022;Beauty;620.49;1081.33
P0023;Product 0023;Home;310.88;403.84
P0024;Product 0024;Office;1123.57;1480.44
P0025;Product 0025;Accessories;201.71;302.08
P0026;Product 0026;Sports;58.67;89.82
P0027;Product 0027;Beauty;524.94;884.46
P0028;Product 0028;Accessories;1190.89;2279.05
P0029;Product 0029;Sports;1070.55;2080.39
P0030;Product 0030;Beauty;899.59;1497.6
P0031;Product 0031;Beauty;1069.5;1776.42
P0032;Product 0032;Home;1072.67;1525.37
P0033;Product 0033;Electronics;625.04;1178.44
P0034;Product 0034;Sports;382.54;591.52
P0035;Product 0035;Office;927.55;1108.49
P0036;Product 0036;Electronics;795.69;1331.19
P0037;Product 0037;Office;451.52;786.85
P0038;Product 0038;Accessories;117.89;168.82
P0039;Product 0039;Home;897.41;1674.18
P0040;Product 0040;Sports;318.64;591.78
P0041;Product 0041;Electronics;1124.49;2279.91
P0042;Product 0042;Accessories;292.96;574.18
P0043;Product 0043;Accessories;151.7;298.17
P0044;Product 0044;Beauty;998.18;1542.46
P0045;Product 0045;Electronics;188.17;401.61
P0046;Product 0046;Office;219.23;402.6
P0047;Product 0047;Beauty;721.26;1218.4
P0048;Product 0048;Office;1050.1;2029.33
P0049;Product 0049;Accessories;239.74;383.78
P0050;Product 0050;Accessories;375.84;673.1
P0051;Product 0051;Accessories;934.0;1934.2
P0052;Product 0052;Home;1166.33;2633.58
P0053;Product 0053;Beauty;603.39;1388.59
P0054;Product 0054;Beauty;176.96;314.91
P0055;Product 0055;Beauty;21.65;38.98
P0056;Product 0056;Electronics;279.44;600.75
P0057;Product 0057;Sports;162.53;250.79
P0058;Product 0058;Electronics;814.8;1789.89
P0059;Product 0059;Accessories;150.59;266.19
P0060;Product 0060;Accessories;610.06;789.92
P0061;Product 0061;Office;834.64;1035.02
P0062;Product 0062;Accessories;699.43;1540.49
P0063;Product 0063;Beauty;243.73;297.22
P0064;Product 0064;Office;965.93;1449.63
P0065;Product 0065;Beauty;859.91;1348.05
P0066;Product 0066;Home;888.09;1213.35
P0067;Product 0067;Office;161.61;249.26
P0068;Product 0068;Beauty;152.89;317.76
P0069;Product 0069;Electronics;1113.44;1300.89
P0070;Product 0070;Beauty;480.11;1048.54
P0071;Product 0071;Accessories;364.63;809.73
P0072;Product 0072;Home;588.86;951.2
P0073;Product 0073;Beauty;797.12;1069.75
P0074;Product 0074;Electronics;1146.97;2180.45
P0075;Product 0075;Accessories;347.3;451.35
P0076;Product 0076;Beauty;1110.15;1783.07
P0077;Product 0077;Home;34.71;81.5
P0078;Product 0078;Home;668.46;1600.51
P0079;Product 0079;Sports;762.6;1613.0
P0080;Product 0080;Accessories;131.55;202.42
P0081;Product 0081;Office;172.71;347.07
P0082;Product 0082;Beauty;505.84;1027.74
P0083;Product 0083;Electronics;1159.65;1895.8
P0084;Product 0084;Accessories;717.27;1399.47
P0085;Product 0085;Sports;1119.96;1302.97
P0086;Product 0086;Accessories;966.21;1363.63
P0087;Product 0087;Electronics;563.52;1017.92
P0088;Product 0088;Home;942.79;1277.19
P0089;Product 0089;Accessories;26.31;35.71
P0090;Product 0090;Accessories;135.43;297.32
P0091;Product 0091;Beauty;996.17;2377.28
P0092;Product 0092;Accessories;957.2;1766.0
P0093;Product 0093;Office;283.01;622.29
P0094;Product 0094;Beauty;639.27;1526.51
P0095;Product 0095;Office;729.19;967.63
P0096;Product 0096;Home;1041.95;1782.05
P0097;Product 0097;Home;725.71;1190.68
P0098;Product 0098;Accessories;498.02;622.56
P0099;Product 0099;Sports;452.15;946.88
P0100;Product 0100;Electronics;513.93;869.68
P0101;Product 0101;Accessories;784.06;1361.64
P0102;Product 0102;Home;1041.65;1394.08
P0103;Product 0103;Accessories;547.41;753.32
P0104;Product 0104;Electronics;301.17;687.84
P0105;Product 0105;Accessories;287.81;347.04
P0106;Product 0106;Accessories;896.49;1291.9
P0107;Product 0107;Accessories;980.8;1485.98
P0108;Product 0108;Sports;130.81;230.58
P0109;Product 0109;Beauty;84.54;159.19
P0110;Product 0110;Accessories;715.35;1263.75
P0111;Product 0111;Home;179.68;225.52
P0112;Product 0112;Accessories;990.47;1440.72
P0113;Product 0113;Sports;375.85;828.56
P0114;Product 0114;Beauty;176.93;344.48
P0115;Product 0115;Sports;1105.56;2168.49
P0116;Product 0116;Sports;202.81;403.14
P0117;Product 0117;Electronics;345.24;726.26
P0118;Product 0118;Electronics;188.57;230.55
P0119;Product 0119;Home;143.01;230.0
P0120;Product 0120;Electronics;30.27;55.22
P0121;Product 0121;Beauty;71.2;112.0
P0122;Product 0122;Accessories;213.7;471.34
P0123;Product 0123;Sports;68.79;120.6
P0124;Product 0124;Beauty;711.42;1501.65
P0125;Product 0125;Office;818.45;1812.88
P0126;Product 0126;Sports;475.39;846.66
P0127;Product 0127;Electronics;385.0;880.47
P0128;Product 0128;Accessories;607.91;1145.24
P0129;Product 0129;Sports;1050.63;2324.88
P0130;Product 0130;Sports;1022.1;1610.56
P0131;Product 0131;Sports;56.95;101.0
P0132;Product 0132;Sports;221.89;402.57
P0133;Product 0133;Electronics;287.91;368.88
P0134;Product 0134;Sports;303.02;499.43
P0135;Product 0135;Accessories;687.62;1579.24
P0136;Product 0136;Home;502.43;973.98
P0137;Product 0137;Sports;63.86;87.61
P0138;Product 0138;Electronics;451.47;710.42
P0139;Product 0139;Beauty;630.88;876.61
P0140;Product 0140;Beauty;126.5;149.4
P0141;Product 0141;Office;1000.98;2311.59
P0142;Product 0142;Home;67.09;114.74
P0143;Product 0143;Home;1110.19;1703.5
P0144;Product 0144;Beauty;123.44;234.3
P0145;Product 0145;Office;1013.07;1174.29
P0146;Product 0146;Office;1083.67;1622.83
P0147;Product 0147;Electronics;1175.59;2385.03
P0148;Product 0148;Home;963.42;1871.17
P0149;Product 0149;Accessories;936.48;2226.25
P0150;Product 0150;Electronics;772.77;1487.93
P0151;Product 0151;Office;935.9;1634.91
P0152;Product 0152;Home;165.79;348.46
P0153;Product 0153;Office;645.6;1471.43
P0154;Product 0154;Home;619.5;1270.51
P0155;Product 0155;Beauty;1029.8;2424.16
P0156;Product 0156;Sports;558.05;1187.25
P0157;Product 0157;Electronics;465.18;1038.98
P0158;Product 0158;Sports;769.28;994.39
P0159;Product 0159;Sports;323.42;668.03
P0160;Product 0160;Accessories;172.02;292.45
P0161;Product 0161;Office;576.06;1060.75
P0162;Product 0162;Sports;503.18;990.07
P0163;Product 0163;Beauty;282.92;668.33
P0164;Product 0164;Beauty;444.18;1057.47
P0165;Product 0165;Beauty;442.84;668.81
P0166;Product 0166;Accessories;396.36;819.35
P0167;Product 0167;Home;458.46;957.03
P0168;Product 0168;Home;824.46;1305.22
P0169;Product 0169;Beauty;359.77;469.44
P0170;Product 0170;Electronics;1138.89;1368.02
P0171;Product 0171;Electronics;1100.04;2333.93
P0172;Product 0172;Electronics;579.69;1021.49
P0173;Product 0173;Accessories;397.39;946.55
P0174;Product 0174;Accessories;644.84;1116.36
P0175;Product 0175;Accessories;1019.03;2417.54
P0176;Product 0176;Beauty;784.84;1306.34
P0177;Product 0177;Accessories;966.25;2069.81
P0178;Product 0178;Electronics;641.6;805.87
P0179;Product 0179;Office;761.34;1404.16
P0180;Product 0180;Sports;349.35;752.0
P0181;Product 0181;Office;883.2;2036.55
P0182;Product 0182;Electronics;246.87;537.74
P0183;Product 0183;Beauty;835.28;999.17
P0184;Product 0184;Accessories;1033.56;1670.11
P0185;Product 0185;Beauty;162.86;197.2
P0186;Product 0186;Beauty;739.18;951.03
P0187;Product 0187;Electronics;118.64;236.58
P0188;Product 0188;Beauty;872.23;1780.72
P0189;Product 0189;Home;105.97;224.35
P0190;Product 0190;Home;1123.45;2507.34
P0191;Product 0191;Accessories;169.2;350.97
P0192;Product 0192;Sports;1150.86;2475.6
P0193;Product 0193;Sports;962.06;1165.25
P0194;Product 0194;Beauty;714.45;1031.07
P0195;Product 0195;Office;940.24;1812.19
P0196;Product 0196;Electronics;955.16;2122.99
P0197;Product 0197;Beauty;1135.5;1312.21
P0198;Product 0198;Electronics;307.79;551.96
P0199;Product 0199;Beauty;710.14;1417.87
P0200;Product 0200;Office;118.58;140.76
P0201;Product 0201;Beauty;741.32;1224.43
P0202;Product 0202;Office;209.69;475.9
P0203;Product 0203;Beauty;680.12;1353.11
P0204;Product 0204;Accessories;689.05;997.11
P0205;Product 0205;Beauty;561.85;1245.05
P0206;Product 0206;Home;629.54;997.85
P0207;Product 0207;Accessories;917.89;2034.67
P0208;Product 0208;Office;960.1;1462.88
P0209;Product 0209;Home;593.12;1119.75
P0210;Product 0210;Accessories;721.51;1187.73
P0211;Product 0211;Home;1117.83;1669.51
P0212;Product 0212;Accessories;148.08;334.39
P0213;Product 0213;Accessories;144.94;200.67
P0214;Product 0214;Beauty;109.81;137.92
P0215;Product 0215;Accessories;791.15;1247.97
P0216;Product 0216;Home;505.24;1034.25
P0217;Product 0217;Electronics;930.31;2008.81
P0218;Product 0218;Electronics;807.12;1935.82
P0219;Product 0219;Beauty;403.7;613.81
P0220;Product 0220;Office;1078.55;1790.31
P0221;Product 0221;Electronics;916.23;1210.36
P0222;Product 0222;Beauty;328.29;613.44
P0223;Product 0223;Accessories;440.21;1055.17
P0224;Product 0224;Home;380.76;771.46
P0225;Product 0225;Accessories;193.35;366.21
P0226;Product 0226;Home;181.6;297.91
P0227;Product 0227;Accessories;1123.67;2577.84
P0228;Product 0228;Sports;528.3;935.7
P0229;Product 0229;Sports;463.07;610.31
P0230;Product 0230;Home;876.97;1409.05
P0231;Product 0231;Beauty;665.83;821.61
P0232;Product 0232;Office;1123.69;1575.95
P0233;Product 0233;Electronics;937.46;1098.78
P0234;Product 0234;Accessories;577.85;991.94
P0235;Product 0235;Beauty;454.75;883.66
P0236;Product 0236;Accessories;1184.02;1869.7
P0237;Product 0237;Sports;862.72;1445.47
P0238;Product 0238;Beauty;1141.68;2681.82
P0239;Product 0239;Home;146.58;306.35
P0240;Product 0240;Sports;1021.39;1865.13
P0241;Product 0241;Electronics;766.3;1153.8
P0242;Product 0242;Sports;150.7;342.28
P0243;Product 0243;Electronics;707.97;1022.22
P0244;Product 0244;Sports;824.89;1284.09
P0245;Product 0245;Sports;19.Jul;45.04
P0246;Product 0246;Electronics;547.91;992.77
P0247;Product 0247;Accessories;991.35;2059.92
P0248;Product 0248;Beauty;357.95;675.96
P0249;Product 0249;Accessories;552.96;1087.56
P0250;Product 0250;Electronics;533.57;813.28
P0251;Product 0251;Home;365.8;531.04
P0252;Product 0252;Beauty;1102.54;1712.37
P0253;Product 0253;Home;938.65;1261.83
P0254;Product 0254;Home;137.15;307.61
P0255;Product 0255;Sports;1196.46;1799.55
P0256;Product 0256;Electronics;1055.64;1954.9
P0257;Product 0257;Accessories;344.27;736.73
P0258;Product 0258;Electronics;1005.09;2140.62
P0259;Product 0259;Home;132.17;224.42
P0260;Product 0260;Sports;1198.93;2092.52
P0261;Product 0261;Accessories;800.49;1915.87
P0262;Product 0262;Home;781.9;1558.52
P0263;Product 0263;Home;113.08;245.19
P0264;Product 0264;Office;1076.95;2453.5
P0265;Product 0265;Office;39.65;84.63
P0266;Product 0266;Sports;292.79;404.48
P0267;Product 0267;Beauty;175.91;325.91
P0268;Product 0268;Beauty;933.24;1192.09
P0269;Product 0269;Sports;241.85;475.51
P0270;Product 0270;Sports;1093.21;2562.69
P0271;Product 0271;Home;789.24;1413.46
P0272;Product 0272;Electronics;48.21;81.53
P0273;Product 0273;Electronics;Nov.49;13.73
P0274;Product 0274;Office;66.73;156.8
P0275;Product 0275;Beauty;729.08;932.31
P0276;Product 0276;Beauty;962.77;1156.62
P0277;Product 0277;Beauty;290.07;422.8
P0278;Product 0278;Accessories;1020.04;1256.6
P0279;Product 0279;Electronics;73.39;126.15
P0280;Product 0280;Electronics;962.15;1727.16
P0281;Product 0281;Home;1113.72;1715.92
P0282;Product 0282;Beauty;927.67;1125.91
P0283;Product 0283;Accessories;839.25;1082.21
P0284;Product 0284;Beauty;1006.39;1641.05
P0285;Product 0285;Beauty;52.98;64.94
P0286;Product 0286;Office;246.13;497.86
P0287;Product 0287;Electronics;154.28;217.35
P0288;Product 0288;Sports;607.91;928.64
P0289;Product 0289;Sports;895.5;1471.0
P0290;Product 0290;Beauty;757.86;1266.2
P0291;Product 0291;Accessories;1022.1;1177.54
P0292;Product 0292;Home;190.48;245.74
P0293;Product 0293;Office;882.87;1967.44
P0294;Product 0294;Home;235.68;271.4
P0295;Product 0295;Sports;328.56;586.55
P0296;Product 0296;Sports;853.34;1503.48
P0297;Product 0297;Office;1176.34;1842.58
P0298;Product 0298;Beauty;735.79;1242.87
P0299;Product 0299;Home;70.13;149.08
P0300;Product 0300;Electronics;741.49;1632.39